YEAR,MONTH,BAND,ALBUM,GENRE,RATING,BEST SONG,
2016,JANUARY,Anderson .Paak,Malibu,Rap,7,“The Season | Carry Me”,
2016,JANUARY,Bloc Party,Hymns,Indie Rock,6,“Into The Earth”,
2016,JANUARY,Chairlift,Moth,Electro Pop,8,“Polymorphing”,
2016,JANUARY,Daughter,Not To Disappear,Indie Folk,8,“How”,
2016,JANUARY,David Bowie,Blackstar,Rock,8,“Blackstar”,
2016,JANUARY,Eleanor Friedberger,New View,Indie Pop,8,“He Didn't Mention His Mother”,
2016,JANUARY,Federico Albanese,The Blue Hour,Ambient,8,“Migrants”,
2016,JANUARY,Jesu & Sun Kil Moon,Jesu / Sun Kil Moon,Indie Folk,8,“Exodus”,
2016,JANUARY,Kevin Gates,Islah,Rap,8,“Hard For”,
2016,JANUARY,Majical Cloudz,Wait & See EP,Chamber Pop,7,“Wait & See”,
2016,JANUARY,Rihanna,ANTI,Pop,8,“Kiss It Better”,
2016,JANUARY,Savages,Adore Life,Indie Rock,7,“Adore”,
2016,JANUARY,Shearwater,Jet Plane and Oxbow,Indie Rock,7,“Only Child”,
2016,JANUARY,Sia,This Is Acting,Pop,7,“Reaper”,
2016,JANUARY,Suede,Final Thoughts,Indie Rock,8,“Outsiders”,
2016,JANUARY,Tindersticks,The Waiting Room,Indie Folk,8,“Second Chance Man”,
2016,JANUARY,Tortoise,The Catastrophist,Post Rock,6,,
2016,JANUARY,Ty Segall,Emotional Mugger,Indie Rock,4,,
,,,,,,,
2016,FEBRUARY,The 1975,"I Like It When You Sleep, For You Are So Beautiful Yet So Unaware of It",Indie Rock,9,“Somebody Else”,
2016,FEBRUARY,Animal Collective,Painting With,Psychedelic Pop,6,,
2016,FEBRUARY,CFCF,On Vacation,Electronic,7,“Arto”,
2016,FEBRUARY,Charli XCX,Vroom Vroom EP,Electro Pop,6,,
2016,FEBRUARY,DIIV,Is the Is Are,Indie Rock,6,“Bent (Roi's Song)”,
2016,FEBRUARY,Field Music,Commontime,Indie Rock,5,,
2016,FEBRUARY,Future,EVOL,Rap,5,,
2016,FEBRUARY,Kanye West,The Life of Pablo,Rap,9,“Real Friends”,
2016,FEBRUARY,LNZNDRF,LNZNDRF,Indie Rock,5,,
2016,FEBRUARY,Lucinda Williams,The Ghosts of Highway 20,Country,8,“Place in My Heart”,
2016,FEBRUARY,Mothers,When You Walk a Long Distance You Are Tired,Indie Folk,7,“It Hurts Until It Doesn't”,
2016,FEBRUARY,Mount Moriah,How To Dance,Country,6,“How To Dance”,
2016,FEBRUARY,Pinegrove,Cardinal,Indie Rock,8,“Old Friends”,
2016,FEBRUARY,Porches,Pool,Electro Pop,8,“Be Apart”,
2016,FEBRUARY,Sarah Neufeld,The Ridge,Instrumental,7,“Where The Light Comes In”,
2016,FEBRUARY,School of Seven Bells,SVIIB,Dream Pop,6,“Open Your Eyes”,
2016,FEBRUARY,Seth Bogart,Seth Bogart,Synthpop,6,“Plastic!”,
2016,FEBRUARY,Wild Nothing,Life of Pause,Dream Pop,7,“Life of Pause”,
2016,FEBRUARY,Yuck,Stranger Things,Indie Rock,7,“As I Walk Away”,
,,,,,,,
2016,MARCH,Anenon,Petrol,Electronic,7,“Machines”,
2016,MARCH,Anna Meredith,Varmints,Electronic,8,“Something Helpful”,
2016,MARCH,Azealia Banks,SLAY-Z,Rap,7,“Queen of Clubs”,
2016,MARCH,Cullen Omory,New Misery,Indie Rock,6,“Cinnamon”,
2016,MARCH,Esperanza Spalding,Emily's D+Evolution,R&B,8,“Rest in Pleasure”,
2016,MARCH,Gun Outfit,Two Way Player EP,Indie Rock,7,“Expansion Pact”,
2016,MARCH,Iggy Pop,Post Pop Depression,Rock,7,“Sunday”,
2016,MARCH,Into It. Over It.,Standards,Indie Rock,7,“Old Lace & Ivory”,
2016,MARCH,Ital Tek,Hollowed,Electronic,6,“Murmur”,
2016,MARCH,Kamaiyah,A Good Night in the Ghetto,Rap,6,“How Does It Feel”,
2016,MARCH,Kendrick Lamar,untitled unmastered.,Rap,8,“untitled 08 | 09.06.2014.”,
2016,MARCH,La Sera,Music for Listening to Music to,Indie Pop,5,,
2016,MARCH,Lust For Youth,Compassion,Synthpop,6,“In Return”,
2016,MARCH,M. Ward,More Rain,Indie Folk,6,“Slow Driving Man”,
2016,MARCH,Poliça,United Crushers,Indie Rock,8,“Summer Please”,
2016,MARCH,Primal Scream,Chaosmosis,Indie Rock,7,“Where the Light Gets In”,
2016,MARCH,The Range,Potential,Electronic,8,“Florida”,
2016,MARCH,SBTRKT,Save Yourself,Electronic,6,“Gemini”,
2016,MARCH,Sheer Mag,III EP,Punk,7,“Can't Stop Fighting”,
2016,MARCH,Underworld,"Barbara Barbara, We Face a Shining Future",Electronic,7,“Low Burn”,
2016,MARCH,Vijay Iyer & Wadada Leo Smith,A Cosmic Rhythm With Each Stroke,Jazz,4,“Passage”,
,,,,,,,
2016,APRIL,Andrew Bird,Are You Serious,Indie Folk,8,“Left Handed Kisses”,
2016,APRIL,Andy Stott,Too Many Voices,Electronic,6,,
2016,APRIL,A$AP Ferg,Always Strive and Prosper,Rap,2,,
2016,APRIL,Beyoncé,Lemonade,R&B,9,“All Night”,
2016,APRIL,Black Mountain,IV,Rock,7,“Line Them All Up”,
2016,APRIL,Brian Eno,The Ship,Ambient,8,“Fickle Sun (II) The Hour Is Thin”,
2016,APRIL,Colin Stetson,Sorrow: A Reimagining Of Gorecki’s 3rd Symphony,Classical,8,“Sorrow I”,
2016,APRIL,Deakin,Sleep Cycle,Psychedelic Pop,6,“Just Am”,
2016,APRIL,Deftones,Gore,Rock,7,“Prayers/Triangles”,
2016,APRIL,Drake,Views,Rap,8,“Feel No Ways”,
2016,APRIL,dvsn,Sept. 5th,R&B,9,“The Line”,
2016,APRIL,Explosions In the Sky,The Wilderness,Post Rock,8,“Disintegration Anxiety”,
2016,APRIL,The Field,The Follower,Electronic,7,“Soft Streams”,
2016,APRIL,Frankie Cosmos,Next Thing,Indie Pop,7,“Floated In”,
2016,APRIL,Frightened Rabbit,Painting of a Panic Attack,Indie Rock,6,,
2016,APRIL,Gallant,Ology,R&B,7,“Bone + Tissue”,
2016,APRIL,Kevin Morby,Singing Saw,Indie Rock,7,“I Have Been to the Mountain”,
2016,APRIL,The Last Shadow Puppets,Everything You've Come To Expect,Indie Rock,6,“Miracle Aligner”,
2016,APRIL,Leon Vynehall,Rojus,Electronic,8,“Blush”,
2016,APRIL,M83,Junk,Synthpop,7,“Atlantique Sud”,
2016,APRIL,Moderat,III,Electronic,7,“Eating Hooks”,
2016,APRIL,Mogwai,Atomic,Post Rock,7,“Are You a Dancer?”,
2016,APRIL,Niki and the Dove,Everybody's Heart Is Broken Now,Electro Pop,8,“So Much It Hurts”,
2016,APRIL,Parquet Courts,Human Performance,Indie Rock,5,,
2016,APRIL,PJ Harvey,The Hope Six Demolition Project,Indie Rock,7,“The Community Of Hope”,
2016,APRIL,Sturgill Simpson,A Sailor's Guide to Earth,Country,8,“Welcome to Earth (Pollywog)”,
2016,APRIL,Tim Hecker,Love Streams,Ambient,8,“Castrati Stack”,
2016,APRIL,Travis,Everything at Once,Indie Rock,7,“Idlewild (feat. Josephine Oniyama)”,
2016,APRIL,Weezer,The White Album,Indie Rock,7,“L.A. Girlz”,
2016,APRIL,Woods,City Sun Eater in the River of Light,Folk Rock,7,“Sun City Creeps”,
,,,,,,,
2016,MAY,ANOHNI,HOPELESSNESS,Art Pop,9,“Hopelessness”,
2016,MAY,Big Thief,Masterpiece,Indie Rock,8,"""Paul""",
2016,MAY,Braids,Companion EP,Art Rock,6,“Companion”,
2016,MAY,Car Seat Headrest,Teens of Denial,Indie Rock,8,“Drunk Drivers / Killer Whales”,
2016,MAY,Chance the Rapper,Coloring Book,Rap,9,"“Finish Line / Drown (feat. T-Pain, Kirk Franklin, Eryn Allen Kane, Noname)”",
2016,MAY,Death Grips,Bottomless Pit,Rap,3,,
2016,MAY,Digitalism,Mirage,Electronic,7,“Utopia”,
2016,MAY,Flume,Skin,Electronic,7,“Lose It (feat. Vic Mensa)”,
2016,MAY,The Hotelier,Goodness,Punk Rock,8,“You in This Light”,
2016,MAY,James Blake,The Colour in Anything,Electronic,8,“I Need A Forest Fire (feat. Bon Iver)”,
2016,MAY,Jessy Lanza,Oh No,Electronic,8,“It Means I Love You”,
2016,MAY,Julianna Barwick,Will,Ambient,7,“See Know”,
2016,MAY,Kaytranada,99.9%,Electronic,7,“Track Uno”,
2016,MAY,Kristin Kontrol,X-Communicate,Indie Pop,5,“X-Communicate”,
2016,MAY,Lone,Levitate,Electronic,5,,
2016,MAY,LUH,Spiritual Songs for Lovers to Sing,Indie Rock,8,“Lament”,
2016,MAY,Mark Kozelek,Mark Kozelek Sings Favorites,Indie Folk,7,“Float On”,
2016,MAY,Mark Pritchard,Under the Sun,Electronic,7,“Beautiful People (feat. Thom Yorke)”,
2016,MAY,Marissa Nadler,Strangers,Indie Folk,6,,
2016,MAY,Mutual Benefit,Skip a Sinking Stone,Indie Folk,6,,
2016,MAY,Pantha du Prince,The Triad,Electronic,7,“Wallflower for Pale Saints”,
2016,MAY,Radiohead,A Moon Shaped Pool,Indie Rock,9,“Identikit”,
2016,MAY,White Lung,Paradise,Punk Rock,8,“Below”,
,,,,,,,
2016,JUNE,Band of Horses,Why Are You OK,Indie Rock,6,“In A Drawer”,
2016,JUNE,case/lang/veirs,case/lang/veirs,Indie Folk,8,“Atomic Number”,
2016,JUNE,Classixx,Faraway Reach,Electronic,6,“Just Let Go (feat. How to Dress Well)”,
2016,JUNE,Delorean,Muzik,Electro Pop,7,“Limbo”,
2016,JUNE,Desiigner,New English,Rap,4,“Panda”,
2016,JUNE,DJ Shadow,The Mountain Will Fall,Electronic,7,“Ashes to Oceans”,
2016,JUNE,G.L.O.S.S.,Trans Day of Revenge EP,Punk,6,,
2016,JUNE,Huerco S.,For Those Of You Who Have Never (And Also Those Who Have),Ambient,8,“Promises Of Fertility”,
2016,JUNE,If These Trees Could Talk,The Bones of a Dying World,Post Rock,7,“The Here and Hereafter”,
2016,JUNE,James Ferraro,Human Story 3,Electronic,7,“Market Collapse”,
2016,JUNE,Joey Purp,iiiDrops,Rap,8,“GIRLS @ (feat. Chance the Rapper)”,
2016,JUNE,Minor Victories,Minor Victories,Indie Rock,8,“Scattered Ashes (Song for Richard)”,
2016,JUNE,Mitski,Puberty 2,Indie Pop,8,“Your Best American Girl” / “I Bet on Losing Dogs”,
2016,JUNE,Red Hot Chili Peppers,The Getaway,Rock,8,“Sick Love”,
2016,JUNE,The Strokes,Future Present Past EP,Indie Rock,7,“Oblivius”,
2016,JUNE,Swans,The Glowing Man,Indie Rock,7,“When Will I Return?”,
2016,JUNE,Tegan and Sara,Love You to Death,Indie Pop,8,“Boyfriend”,
2016,JUNE,Whitney,Light Upon the Lake,Indie Rock,8,“Dave's Song”,
,,,,,,,
2016,JULY,The Amazing,Ambulance,Indie Rock,8,“Ambulance”,
2016,JULY,Aphex Twin,Cheetah EP,Electronic,7,“CHEETAHT7b”,
2016,JULY,AraabMuzik,Dream World,Electronic,6,“Chasing Pirates (feat. Raiche)”,
2016,JULY,Arca,Entrañas EP,Electronic,6,,
2016,JULY,The Avalanches,Wildflower,Electronic,9,“If I Was A Folkstar (feat. Toro y Moi)”,
2016,JULY,BADBADNOTGOOD,IV,Jazz,6,,
2016,JULY,Bat For Lashes,The Bride,Indie Pop,5,“Sunday Love”,
2016,JULY,Blood Orange,Freetown Sound,R&B,9,“Hadron Collider”,
2016,JULY,Clams Casino,32 Levels,Electronic,7,“A Breath Away (Feat. Kelela)”,
2016,JULY,Elysia Crampton,Elysia Crampton Presents: Demon City,Electronic,7,“Red Eyez”,
2016,JULY,Elza Soares,A Mulher do Fim do Mundo,World Music,6,“Coraçao do Mar / Mulher do Fim do Mundo”,
2016,JULY,Floating Points,Kuiper EP,Electronic,6,“For Marmish Part II”,
2016,JULY,Ian William Craig,Centres,Ambient,7,“Contain (Cedar Version)”,
2016,JULY,Jamila Woods,HEAVN,R&B,8,“VRY BLK ft. Noname (prod. by oddCouple and Kweku Collins)”,
2016,JULY,Jay Som,Turn Into,Indie Rock,7,“Unlimited Touch”,
2016,JULY,Jeremih,Late Nights: Europe,R&B,7,"“London Feat. Stefflon Don, Krept & Konan”",
2016,JULY,Maxwell,blackSUMMERS'night,R&B,8,“Gods”,
2016,JULY,Michael Kiwanuka,Love & Hate,Soul,8,“Cold Little Heart”,
2016,JULY,Nao,For All We Know,R&B,6,“Bad Blood”,
2016,JULY,Schoolboy Q,Blank Face,Rap,7,“Neva CHange (feat. SZA)”,
2016,JULY,Shura,Nothing's Real,Synthpop,8,“Touch”,
,,,,,,,
2016,AUGUST,Cass McCombs,Mangy Love,Indie Folk,8,“Medusa's Outhouse”,
2016,AUGUST,Crystal Castles,AMNESTY (I),Electronic,8,“Kept”,
2016,AUGUST,Dinosaur Jr.,Give a Glimpse of What Yer Not,Indie Rock,7,“Be A Part”,
2016,AUGUST,Frank Ocean,Blond,R&B,9,“Nights”,
2016,AUGUST,Frank Ocean,Endless,R&B,8,“Slide On Me”,
2016,AUGUST,Jefre Cantu-Ledesma,In Summer EP,Ambient,6,“Love's Refrain”,
2016,AUGUST,Kyle Dixon & Michael Stein,"Stranger Things, Vol. 1",OST,8,-,
2016,AUGUST,Lydia Loveless,Real,Country,8,“Longer”,
2016,AUGUST,Of Montreal,Innocence Reaches,Indie Rock,5,,
2016,AUGUST,Porches,Water EP,Electro Pop,6,“Black Dress”,
2016,AUGUST,Russian Circles,Guidance,Post Rock,7,“Afrika”,
2016,AUGUST,Vince Staples,Prima Donna EP,Rap,5,,
2016,AUGUST,Wild Beasts,Boy King,Indie Rock,6,“Dreamliner”,
2016,AUGUST,Young Thug,"No, My Name is JEFFERY",Rap,8,“Kanye West (feat. Wyclef Jean)”,
,,,,,,,
2016,SEPTEMBER,Alcest,Kodama,Post Metal,8,“Eclosion”,
2016,SEPTEMBER,AlunaGeorge,I Remember,Electro Pop,7,“Full Swing”,
2016,SEPTEMBER,Angel Olsen,My Woman,Indie Folk,9,“Sister”,
2016,SEPTEMBER,Bon Iver,"22, A Million",Indie Folk,9,“33 “GOD””,
2016,SEPTEMBER,Cymbals Eat Guitars,Pretty Years,Indie Rock,8,“Dancing Days”,
2016,SEPTEMBER,Danny Brown,Atrocity Exhibition,Rap,5,,
2016,SEPTEMBER,Drive-By Truckers,American Band,Indie Rock,8,“When The Sun Don't Shine”,
2016,SEPTEMBER,Francis and the Lights,"Farewell, Starlite!",Indie Pop,7,“Friends (feat. Bon Iver and Kanye West)”,
2016,SEPTEMBER,Hamilton Leithauser + Rostam,I Had A Dream That You Were Mine,Indie Rock,8,“A 1000 Times”,
2016,SEPTEMBER,How to Dress Well,Care,Electro Pop,7,“Salt Song”,
2016,SEPTEMBER,Isaiah Rashad,The Sun's Tirade,Rap,8,“4r Da Squaw”,
2016,SEPTEMBER,James Vincent McMorrow,We Move,Indie Folk,7,“Last Story”,
2016,SEPTEMBER,Jenny Hval,Blood Bitch,Art Pop,8,“Conceptual Romance”,
2016,SEPTEMBER,Julius Eastman,Femenine,Electronic,,,
2016,SEPTEMBER,Kaitlyn Aurelia Smith / Suzanne Ciani,Sunergy,Electronic,5,,
2016,SEPTEMBER,Kyle Dixon & Michael Stein,"Stranger Things, Vol. 2",OST,7,-,
2016,SEPTEMBER,Local Natives,Sunlit Youth,Indie Rock,6,“Past Lives”,
2016,SEPTEMBER,M.I.A.,A.I.M.,Rap,6,“Freedun”,
2016,SEPTEMBER,Merchandise,A Corpse Wired For Sound,Indie Rock,6,“Right Back To The Start”,
2016,SEPTEMBER,Nick Cave and The Bad Seeds,Skeleton Tree,Indie Rock,9,“I Need You”,
2016,SEPTEMBER,Nicolas Jaar,Nymphs,Electronic,8,“The three sides of Audrey and why she's all alone now”,
2016,SEPTEMBER,Nicolas Jaar,Sirens,Electronic,7,“No”,
2016,SEPTEMBER,Okkervil River,Away,Indie Rock,8,“Call Yourself Renee”,
2016,SEPTEMBER,Pixies,Head Carrier,Rock,7,“Tenement Song”,
2016,SEPTEMBER,Preoccupations,Preoccupations,Indie Rock,7,“Degraded”,
2016,SEPTEMBER,serpentwithfeet,blisters EP,R&B,7,“blisters”,
2016,SEPTEMBER,Solange,A Seat at the Table,R&B,7,“Don't Touch My Hair”,
2016,SEPTEMBER,Tycho,Epoch,Electronic,6,“Glider”,
2016,SEPTEMBER,Warpaint,Heads Up,Indie Rock,6,“New Song”,
2016,SEPTEMBER,Wilco,Schmilco,Indie Rock,6,“If I Ever Was a Child”,
,,,,,,,
2016,OCTOBER,American Football,American Football,Indie Rock,8,“Give Me the Gun”,
2016,OCTOBER,D.R.A.M.,Big Baby D.R.A.M.,Rap,7,“Monticello Ave”,
2016,OCTOBER,Empire of the Sun,Two Vines,Synthpop,6,“There's No Need”,
2016,OCTOBER,Jamie Lidell,Building a Beginning,Electro Pop,6,,
2016,OCTOBER,Kings of Leon,WALLS,Rock,8,“Around the World”,
2016,OCTOBER,Leonard Cohen,You Want It Darker,Folk,8,“Treaty”,
2016,OCTOBER,Moby & The Void Pacific Choir,These Systems Are Failing,Electronic,4,,
2016,OCTOBER,Mono,Requiem For Hell,Post Rock,7,“Requiem For Hell”,
2016,OCTOBER,NxWorries,Yes Lawd!,Rap,7,“Can’t Stop”,
2016,OCTOBER,Phantogram,Three,Electro Pop,5,“Calling All”,
2016,OCTOBER,Powell,Sport,Electronic,3,,
2016,OCTOBER,The Radio Dept.,Running Out of Love,Dream Pop,8,“Swedish Guns”,
2016,OCTOBER,Ricky Eat Acid,Talk To You Soon,Electronic,7,“Call My Name”,
2016,OCTOBER,Two Door Cinema Club,Gameshow,Electro Pop,6,,
2016,OCTOBER,Weyes Blood,Front Row Seat to Earth,Indie Folk,8,“Do You Need My Love”,
,,,,,,,
2016,NOVEMBER,Burial,Young Death EP,Electronic,6,,
2016,NOVEMBER,Dawn Richard,Redemption,R&B,8,“LA (feat. Trombone Shorty)”,
2016,NOVEMBER,Hope Sandoval & the Warm Inventions,Until the Hunter,Indie Folk,6,“Let Me Get There (feat. Kurt Vile)”,
2016,NOVEMBER,Jim James,Eternally Even,Indie Folk,7,“We Ain't Getting Any Younger Pt. 1”,
2016,NOVEMBER,Justice,Woman,Electronic,7,“Fire”,
2016,NOVEMBER,Kate Bush,Before the Dawn,Baroque Pop,8,“Sunset”,
2016,NOVEMBER,Lambchop,FLOTUS,Indie Rock,8,“In Care Of 8675309”,
2016,NOVEMBER,The Men,Devil Music,Indie Rock,5,“Devil Music”,
2016,NOVEMBER,Sleigh Bells,Jessica Rabbit,Noise Pop,6,“I Can't Stand You Anymore”,
2016,NOVEMBER,A Tribe Called Quest,We Got It From Here... Thank You 4 Your Service,Rap,5,,
2016,NOVEMBER,The Weeknd,Starboy,R&B,6,“Sidewalks (feat. Kendrick Lamar)”,
,,,,,,,
2016,DECEMBER,Grouper,Paradise Valley EP,Ambient,8,“I'm Clean Now”,
2016,DECEMBER,Nine Inch Nails,Not the Actual Events EP,Rock,3,,
2016,DECEMBER,Vulfpeck,The Beautiful Game,Funk,,,
,,,,,,,
2017,JANUARY,Brian Eno,Reflection,Ambient,5,,
2017,JANUARY,CEP,Drawing the Target Around the Arrow,Ambient,3,,
2017,JANUARY,Cloud Nothings,Life Without Sound,Indie Rock,7,“Up to the Surface”,
2017,JANUARY,The Flaming Lips,Oczy Mlody,Indie Rock,5,“The Castle”,
2017,JANUARY,Foxygen,Hang,Indie Rock,8,“Follow the Leader”,
2017,JANUARY,Japandroids,Near to the Wild Heart of Life,Rock,6,,
2017,JANUARY,Julie Byrne,Not Even Happiness,Indie Folk,8,“Follow My Voice”,
2017,JANUARY,Migos,Culture,Rap,7,"""Bad and Boujee (feat. Lil Uzi Vert)""",
2017,JANUARY,Neil Cicierega,Mouth Moods,Electronic,8,"""The Starting Line""",
2017,JANUARY,Priests,Nothing Feels Natural,Punk,5,“Nothing Feels Natural”,
2017,JANUARY,Run the Jewels,Run the Jewels 3,Rap,6,“2100 (feat. BOOTS)”,
2017,JANUARY,William Basinski,A Shadow in Time,Ambient,6,,
2017,JANUARY,The xx,I See You,Indie Pop,9,“On Hold”,
,,,,,,,
2017,FEBRUARY,Dirty Projectors,Dirty Projectors,Indie Rock,8,“Cool Your Heart”,
2017,FEBRUARY,Jens Lekman,Life Will See You Now,Indie Pop,8,“What's That Perfume That You Wear?”,
2017,FEBRUARY,Jesca Hoop,Memories Are Now,Indie Folk,8,“The Lost Sky”,
2017,FEBRUARY,Peter Silberman ,Impermanence ,Indie Rock,6,,
2017,FEBRUARY,Power Trip,Nightmare Logic,Metal,6,,
2017,FEBRUARY,Ryan Adams,Prisoner,Indie Rock,9,“Anything I Say To You Now”,
2017,FEBRUARY,Sampha,Process,R&B,8,“(No One Knows Me) Like The Piano”,
2017,FEBRUARY,Sun Kil Moon,Common As Light and Love Are Red Valleys of Blood,Indie Folk,6,“Bergen to Trondheim”,
2017,FEBRUARY,Thundercat,Drunk,R&B,7,“Walk On By (feat. Kendrick Lamar)”,
2017,FEBRUARY,Vagabon,Infinite Worlds,Indie Rock,8,“Cold Apartment”,
2017,FEBRUARY,Visible Cloaks,Reassemblage,Electronic,7,“Neume (feat. Matt Carlson)”,
2017,FEBRUARY,Xiu Xiu,Forget,Art Rock,8,“Get Up”,
,,,,,,,
2017,MARCH,Aimee Mann,Mental Illness,Indie Rock,7,“Goose Snow Cone”,
2017,MARCH,ANOHNI,PARADISE EP,Art Pop,7,“In My Dreams”,
2017,MARCH,Blanck Mass,World Eater,Electronic,8,“Silent Treatment”,
2017,MARCH,Charli XCX,Number 1 Angel,Electro Pop,7,“ILY2”,
2017,MARCH,Drake,More Life,Rap,7,“Passionfruit”,
2017,MARCH,Jay Som,Everybody Works,Indie Rock,9,“Baybee”,
2017,MARCH,Kelly Lee Owens,Kelly Lee Owens,Electronic,6,,
2017,MARCH,Laura Marling,Semper Femina,Indie Folk,6,“Wild Fire”,
2017,MARCH,Lydia Ainsworth,Darling of the Afterglow,Indie Pop,7,“The Road”,
2017,MARCH,Mount Eerie,A Crow Looked At Me,Lo-Fi,7,“Ravens”,
2017,MARCH,Passion Pit,Tremendous Sea of Love,Electro Pop,8,“The Undertow”,
2017,MARCH,Pallbearer,Heartless,Metal,8,“A Plea for Understanding”,
2017,MARCH,Pharmakon,Contact,Industrial,1,,
2017,MARCH,Real Estate,In Mind,Indie Rock,7,“Darling”,
2017,MARCH,The Shins,Heartworms,Indie Rock,7,“Fantasy Island”,
2017,MARCH,Spoon,Hot Thoughts,Indie Rock,7,“Tear It Down”,
2017,MARCH,Tennis,Yours Conditionally,Indie Pop,8,“In The Morning I'll Be Better”,
2017,MARCH,Valerie June,The Order of Time,Country,7,"""Got Soul""",
2017,MARCH,Various Artists,Mono No Aware,Electronic,8,“Limerence”,
2017,MARCH,Yaeji,Yaeji EP,Electronic,5,,
,,,,,,,
2017,APRIL,Actress,AZD,Electronic,6,,
2017,APRIL,Arca,Arca,Electronic,9,“Desafio”,
2017,APRIL,Colin Stetson,All This I Do For Glory,Jazz,5,,
2017,APRIL,Father John Misty,Pure Comedy,Indie Rock,7,“Total Entertainment Forever”,
2017,APRIL,Feist,Pleasure,Indie Pop,7,“A Man Is Not His Song”,
2017,APRIL,Future Islands,The Far Field,Indie Rock,8,“Shadows”,
2017,APRIL,Gas,Narkopop,Ambient,7,“Narkopop 3”,
2017,APRIL,Gorillaz,Humanz,Indie Rock,7,“Andromeda (feat. D.R.A.M.)”,
2017,APRIL,Kendrick Lamar,DAMN.,Rap,9,“LOVE. (FEAT. ZACARI.)”,
2017,APRIL,The New Pornographers,Whiteout Conditions,Indie Rock,6,“We've Been Here Before”,
2017,APRIL,The New Year,Snow,Indie Rock,5,“Recent History”,
2017,APRIL,Ryuichi Sakamoto,Async,Ambient,7,“andata”,
2017,APRIL,Timber Timbre,"Sincerely, Future Pollution",Indie Folk,6,,
2017,APRIL,Woods,Love Is Love,Folk Rock,7,“Bleeding Blue”,
,,,,,,,
2017,MAY,The Afghan Whigs,In Spades,Indie Rock,7,“The Spell”,
2017,MAY,Burial,Subtemple EP,Electronic,5,,
2017,MAY,Forest Swords,Compassion,Electronic,8,“War It”,
2017,MAY,Girlpool,Powerplant,Indie Rock,7,“It Gets More Blue”,
2017,MAY,Jesu & Sun Kil Moon,30 Seconds to the Decline of Planet Earth,Indie Folk,6,,
2017,MAY,Jlin,Black Origami,Electronic,4,,
2017,MAY,Johnny Jewel,Windswept,Synthpop,7,“Saturday”,
2017,MAY,Mac DeMarco,This Old Dog,Indie Rock,7,“One More Love Song”,
2017,MAY,The Mountain Goats,Goths,Indie Rock,8,“Andrew Eldritch Is Moving Back To Leeds”,
2017,MAY,Paramore,After Laughter,Pop Rock,8,“Pool”,
2017,MAY,Perfume Genius,No Shape,Indie Pop,8,“Sides”,
2017,MAY,(Sandy) Alex G,Rocket,Indie Rock,8,“Bobby”,
2017,MAY,Sam Amidon,The Following Mountain,Folk,5,“Gendel in 5”,
2017,MAY,Slowdive,Slowdive,Shoegaze,9,“Sugar for the Pill”,
,,,,,,,
2017,JUNE,Algiers,The Underside of Power,Indie Rock,6,"""The Underside of Power""",
2017,JUNE,Allie X,COLLXTION II,Electro Pop,8,"""Vintage""",
2017,JUNE,Alt-J,Relaxer,Indie Rock,6,“Last Year”,
2017,JUNE,Amber Coffman,City of No Reply,Indie Folk,7,“Under the Sun”,
2017,JUNE,Baio,Man of the World,Electronic,6,"""I'm Not Curious""",
2017,JUNE,Beach House,B-Sides and Rarities,Dream Pop,7,"""Chariot""",
2017,JUNE,Big Boi,Boomiverse,Rap,8,"""Order of Operations""",
2017,JUNE,Big Thief,Capacity,Indie Rock,8,"""Mary""",
2017,JUNE,BROCKHAMPTON,SATURATION,Rap,,,
2017,JUNE,Calvin Harris,Funk Wav Bounces Vol. 1,Pop,6,"""Slide (feat. Frank Ocean & Migos)""",
2017,JUNE,Cigarettes After Sex,Cigarettes After Sex,Dream Pop,8,“Apocalypse”,
2017,JUNE,Clams Casino,Instrumental 4,Electronic,6,,
2017,JUNE,Cornelius,Mellow Waves,Electronic,7,"""If You're Here""",
2017,JUNE,DJ Sports,Modern Species,Electronic,8,"""Entry Mode""",
2017,JUNE,Fleet Foxes,Crack-Up,Indie Folk,7,"""Fool's Errand""",
2017,JUNE,Jay Z,04:44,Rap,6,"""4:44""",
2017,JUNE,Kevin Morby,City Music,Indie Rock,7,"""Pearly Gates""",
2017,JUNE,Kirin J Callinan,Bravado,Indie Rock,9,"""Bravado""",
2017,JUNE,Laurel Halo,Dust,Electronic,7,"""Moontalk""",
2017,JUNE,Lorde,Melodrama,Pop,9,"""Perfect Places""",
2017,JUNE,Marika Hackman,I'm Not Your Man,Indie Folk,6,"""My Lover Cindy""",
2017,JUNE,MIKE,May God Bless Your Hustle,Rap,6,,
2017,JUNE,Phoenix,Ti Amo,Indie Rock,7,"""J-Boy""",
2017,JUNE,Saint Etienne,Home Counties,Indie Pop,6,"""Out of My Mind""",
2017,JUNE,"Sufjan Stevens, Bryce Dessner, Nico Muhly & James McAlister",Planetarium,Indie Folk,8,“Neptune”,
2017,JUNE,SZA,CTRL,R&B,8,"""Supermodel""",
2017,JUNE,Vince Staples,Big Fish Theory,Rap,8,"""Crabs In A Bucket""",
2017,JUNE,Washed Out,Mister Mellow,Synthpop,5,,
2017,JUNE,Young Thug,Beautiful Thugger Girls,Rap,8,"""Relationship (feat. Future)""",
,,,,,,,
2017,JULY,Arcade Fire,Everything Now,Indie Rock,7,"""Put Your Money on Me""",
2017,JULY,Avey Tare,Eucalyptus,Indie Rock,4,,
2017,JULY,Broken Social Scene,Hug of Thunder,Indie Rock,9,"""Mouth Guards of the Apocalypse""",
2017,JULY,HAIM,Something to Tell You,Indie Pop,8,"""You Never Knew""",
2017,JULY,Lana del Rey,Lust For Life,Indie Pop,8,"""Change""",
2017,JULY,Manchester Orchestra,A Black Mile to the Surface,Indie Rock,6,"""The Gold""",
2017,JULY,Nine Inch Nails,Add Violence EP,Rock,5,,
2017,JULY,Shabazz Palaces,Quazarz: Born on a Gangster Star,Rap,4,“Shine a Light (feat. Thaddillac)”,
2017,JULY,Shabazz Palaces,Quazarz Vs. The Jealous Machines,Rap,3,,
2017,JULY,Sheer Mag,Need to Feel Your Love,Punk,6,,
2017,JULY,Toro Y Moi,Boo Boo,Electronic,7,"""Girl Like You""",
2017,JULY,"Tyler, the Creator",Flower Boy,Rap,5,"""Boredom""",
2017,JULY,Vic Mensa,The Autobiography,Rap,6,"""Homewrecker (feat. Weezer)""",
2017,JULY,Waxahatchee,Out In the Storm,Indie Rock,7,"""Silver""",
,,,,,,,
2017,AUGUST,Alice Glass,Alice Glass EP,Electro Pop,4,,
2017,AUGUST,Brand New,Science Fiction,Rock,9,"""Can't Get It Out""",
2017,AUGUST,BROCKHAMPTON,SATURATION II,Rap,,,
2017,AUGUST,EMA,Exile in the Outer Ring,Indie Rock,5,"""7 Years""",
2017,AUGUST,Frankie Rose,Cage Tropical,Indie Rock,6,,
2017,AUGUST,Grizzly Bear,Painted Ruins,Indie Rock,7,"""Aquarian""",
2017,AUGUST,Joseph Shabason,Aytche,Jazz,7,"""Aytche""",
2017,AUGUST,Lil B,Black Ken,Rap,4,,
2017,AUGUST,Photay,Onism,Electronic,8,"""Outré Lux (feat. Madison McFerrin)""",
2017,AUGUST,Samantha Urbani,Policies of Power EP,Indie Pop,8,"""U Know I Know""",
2017,AUGUST,The War On Drugs,A Deeper Understanding,Indie Rock,9,"""Thinking Of A Place""",
,,,,,,,
2017,SEPTEMBER,Alex Cameron,Forced Witness,Indie Rock,9,"""Stranger's Kiss (Duet with Angel Olsen)""",
2017,SEPTEMBER,Ariel Pink,Dedicated to Bobby Jameson,Indie Rock,5,,
2017,SEPTEMBER,Alvvays,Antisocialites,Indie Pop,7,"""Dreams Tonite""",
2017,SEPTEMBER,Ben Frost,The Center Cannot Hold,Electronic,6,,
2017,SEPTEMBER,Chelsea Wolfe,Hiss Spun,Neofolk,,,
2017,SEPTEMBER,Cut Copy,Haiku From Zero,Electronic,6,,
2017,SEPTEMBER,Foo Fighters,Concrete and Gold,Rock,,,
2017,SEPTEMBER,Four Tet,New Energy,Electronic,9,"""Scientists""",
2017,SEPTEMBER,Godspeed! You Black Emperor,Luciferian Towers,Post Rock,8,"""Anthem For No State""",
2017,SEPTEMBER,Hercules & Love Affair,Omnion,Electronic,7,"""Are You Still Certain? (feat. Mashrou' Leila)""",
2017,SEPTEMBER,The Horrors,V,Indie Rock,,,
2017,SEPTEMBER,Hundred Waters,Communicating,Synthpop,7,"""Fingers""",
2017,SEPTEMBER,Ibeyi,Ash,R&B,8,"""Deathless (feat.  Kamasi Washington)""",
2017,SEPTEMBER,Iglooghost,Ne? Wax Bloom,Electronic,,,
2017,SEPTEMBER,Kamasi Washington,Harmony of Difference EP,Jazz,8,"""Perspective""",
2017,SEPTEMBER,The Killers,Wonderful Wonderful,Indie Rock,6,"""Some Kind of Love""",
2017,SEPTEMBER,LCD Soundsystem,American Dream,Indie Rock,8,"""call the police""",
2017,SEPTEMBER,Mogwai,Every Country's Sun,Post Rock,8,"""Don't Believe the Fife""",
2017,SEPTEMBER,Moses Sumney,Aromanticism,R&B,8,"""Doomed""",
2017,SEPTEMBER,Mount Kimbie,Love What Survives,Electronic,7,"""How We Got By""",
2017,SEPTEMBER,The National,Sleep Well Beast,Indie Rock,8,"""The System Only Dreams In Total Darkness""",
2017,SEPTEMBER,Nosaj Thing,Parallels,Electronic,6,"""Way We Were""",
2017,SEPTEMBER,The Pains of Being Pure at Heart,The Echo of Pleasure,Indie Rock,6,,
2017,SEPTEMBER,Phoebe Bridgers,Stranger in the Alps,Indie Folk,,,
2017,SEPTEMBER,Protomartyr,Relatives in Descent,Punk,,,
2017,SEPTEMBER,Rostam,Half-Light,Indie Rock,7,"""Hold You (feat. Angel Deradoorian)""",
2017,SEPTEMBER,Susanne Sundfør,Music For People In Trouble,Synthpop,9,"""Undercover""",
2017,SEPTEMBER,Torres,Three Futures,Indie Rock,8,"""Skim""",
2017,SEPTEMBER,Various Artists,Twin Peaks (Limited Event Series Soundtrack),OST,7,"""Twin Peaks Theme""",
2017,SEPTEMBER,Various Artists,Twin Peaks (Music from the Limited Event Series),OST,8,"""No Stars""",
2017,SEPTEMBER,The World Is A Beautiful Place & I Am No Longer Afraid To Die,Always Foreign,Indie Rock,,,
2017,SEPTEMBER,Yves Tumor,Experiencing The Deposit Of Faith,Experimental,7,"""AfricaAshes""",
2017,SEPTEMBER,Zola Jesus,Okovi,Electro Pop,8,"""Siphon""",
,,,,,,,
2017,OCTOBER,Beck,Colors,Indie Rock,7,"""Wow""",
2017,OCTOBER,Courtney Barnett & Kurt Vile,Lotta Sea Lice,Indie Rock,7,"""Over Everything""",
2017,OCTOBER,Cults,Offering,Indie Pop,7,"""Offering""",
2017,OCTOBER,Daphni,Joli Mai,Electronic,6,"""Carry On""",
2017,OCTOBER,Destroyer,ken,Indie Rock,8,"""Saw You at the Hospital""",
2017,OCTOBER,dvsn,Morning After,R&B,7,"""Mood""",
2017,OCTOBER,Fever Ray,Plunge,Electronic,6,,
2017,OCTOBER,Jessie Ware,Glasshouse,Indie Pop,9,"""Last Of The True Believers""",
2017,OCTOBER,John Maus,Screen Memories,Ambient,4,,
2017,OCTOBER,Julien Baker,Turn Out the Lights,Indie Folk,8,"""Turn Out the Lights""",
2017,OCTOBER,Kelela,Take Me Apart,R&B,7,"""Frontline""",
2017,OCTOBER,King Krule,The Ooz,Indie Rock,6,"""Dum Surfer""",
2017,OCTOBER,Lindstrøm,It’s Alright Between Us As It Is,Electronic,7,"""Drift""",
2017,OCTOBER,Rina Sawayama,Rina EP,Indie Pop,8,"""Cyber Stockholm Syndrome""",
2017,OCTOBER,St. Vincent,MASSEDUCTION,Indie Rock,7,"""New York""",
2017,OCTOBER,Weezer,Pacific Daydream,Indie Rock,7,"""Any Friend of Diane's""",
2017,OCTOBER,Wild Beasts,Punk Drunk and Trembling EP,Indie Rock,5,,
,,,,,,,
2017,NOVEMBER,Angel Olsen,Phases,Indie Folk,6,,
2017,NOVEMBER,Baths,Romaplasm,Electronic,7,"""Yeoman""",
2017,NOVEMBER,Bibio,Phantom Brickworks,Ambient,7,"""Phantom Brickworks II""",
2017,NOVEMBER,Björk,Utopia,Art Pop,8,"""Saint""",
2017,NOVEMBER,Charlotte Gainsbourg,Rest,Indie Pop,7,"""Rest""",
2017,NOVEMBER,Converge,The Dusk In Us,Metal,,,
2017,NOVEMBER,Gun Outfit,Out of Range,Indie Rock,,,
2017,NOVEMBER,Morrissey,Low In High School,Indie Rock,,,
2017,NOVEMBER,Sam Smith,The Thrill of It All,Pop,7,"""Too Good At Goodbyes""",
2017,NOVEMBER,Sleigh Bells,Kid Kruschev,Noise Pop,5,,
2017,NOVEMBER,Sufjan Stevens,"The Greatest Gift Mixtape - Outtakes, Remixes & Demos from Carrie & Lowell",Indie Folk,8,"""City of Roses""",
2017,NOVEMBER,Tennis,We Can Die Happy EP,Indie Pop,6,"""No Exit""",
2017,NOVEMBER,Vulfpeck,Mr. Finish Line,Funk,7,"""Birds of a Feather, We Rock Together (feat. Antwaun Stanley)""",
2017,NOVEMBER,Yaeji,Yaeji EP2,Electronic,6,"""passionfruit""",
,,,,,,,
2017,DECEMBER,BROCKHAMPTON,SATURATION III,Rap,,,
2017,DECEMBER,Charli XCX,Pop 2,Electro Pop,6,"""Out of My Head (feat. Tove Lo and ALMA)""",
2017,DECEMBER,Francis and the Lights,Just For Us,Indie Pop,6,"""Just For Us""",
2017,DECEMBER,Miguel,War & Leisure,R&B,8,"""Banana Clip""",
2017,DECEMBER,Prurient,Rainbow Mirror,Noise,,,
2017,DECEMBER,Visible Cloaks,Lex EP,Electronic,7,"""World""",
,,,,,,,
2018,JANUARY,cupcakKe,Ephorize,Rap,,,
2018,JANUARY,First Aid Kit,Ruins,Indie Folk,,,
2018,JANUARY,Jeff Rosenstock,POST-,Indie Rock,9,"""9/10""",
2018,JANUARY,Johnny Jewel,Digital Rain,Synthpop,7,,
2018,JANUARY,Migos,Culture II,Rap,,,
2018,JANUARY,Nils Frahm,All Melody,Ambient,7,"""#2""",
2018,JANUARY,Panda Bear,A Day With the Homies EP,Psychedelic Pop,4,,
2018,JANUARY,Pendant,Make Me Know You Sweet,Ambient,5,,
2018,JANUARY,Porches,The House,Electro Pop,7,"""Now the Water""",
2018,JANUARY,tUnE-yArDs,I Can Feel You Creep Into My Private Life,Indie Rock,,,
,,,,,,,
2018,FEBRUARY,A.A.L (Against All Logic),2012-2017,Electronic,9,"""I Never Dream""",
2018,FEBRUARY,Car Seat Headrest,Twin Fantasy,Indie Rock,9,"""Sober to Death""",
2018,FEBRUARY,Ezra Furman,Transangelic Exodus,Indie Rock,,,
2018,FEBRUARY,Justin Timberlake,Man of the Woods,Pop,4,,
2018,FEBRUARY,MGMT,Little Dark Age,Indie Rock,7,"""Me and Michael""",
2018,FEBRUARY,Ought,Room Inside the World,Indie Rock,,,
2018,FEBRUARY,Rhye,Blood,R&B,6,"""Blood Knows""",
2018,FEBRUARY,S. Carey,Hundred Acres,Indie Folk,7,"""More I See""",
2018,FEBRUARY,SOB X RBE,Gangin,Rap,6,"""Anti Social""",
2018,FEBRUARY,Son Lux,Brighter Wounds,Indie Rock,8,"""Labor""",
2018,FEBRUARY,U.S. Girls,In A Poem Unlimited,Indie Pop,6,,
,,,,,,,
2018,MARCH,Amen Dunes,Freedom,Indie Rock,7,"""Blue Rose""",
2018,MARCH,David Byrne,American Utopia,Art Pop,,,
2018,MARCH,Frankie Cosmos,Vessel,Indie Pop,,,
2018,MARCH,Jack White,Boarding House Reach,Rock,,,
2018,MARCH,Kacey Musgraves,Golden Hour,Country,9,"""Lonely Weekend""",
2018,MARCH,Lucy Dacus,Historian,Indie Rock,,,
2018,MARCH,The Men,Drift,Rock,6,"""So High""",
2018,MARCH,Mount Eerie,Now Only,Lo-Fi,,,
2018,MARCH,Of Montreal,White Is Relic/Irrealis Mood,Indie Rock,,,
2018,MARCH,Preoccupations,New Material,Indie Rock,,,
2018,MARCH,Soccer Mommy,Clean,Indie Pop,7,"""Still Clean""",
2018,MARCH,Titus Andronicus,A Productive Cough,Indie Rock,6,"""(I'm) Like a Rolling Stone""",
2018,MARCH,The Weeknd,My Dear Melancholy EP,R&B,6,"""Wasted Times""",
2018,MARCH,Yo La Tengo,There's a Riot Going On,Indie Rock,7,"""For You Too""",
,,,,,,,
2018,APRIL,The Amazing,In Transit,Indie Rock,,,
2018,APRIL,Cardi B,Invasion of Privacy,Rap,6,"""Thru Your Phone""",
2018,APRIL,Grouper,Grid of Points,Ambient,,,
2018,APRIL,Hop Along,"Bark Your Head Off, Dog",Indie Folk,,,
2018,APRIL,Jean Grae / Quelle Chris,Everything's Fine,Rap,,,
2018,APRIL,Janelle Monáe,Dirty Computer,R&B,9,"""Pynk (feat. Grimes)""",
2018,APRIL,John Maus,Addendum,Ambient,,,
2018,APRIL,Kali Uchis,Isolation,R&B,6,"""In My Dreams""",
2018,APRIL,Mouse on Mars,Dimensional People,Electronic,5,"""Dimensional People Part III""",
2018,APRIL,Paul White,Rejuvenate,Electronic,,,
2018,APRIL,Ricky Eat Acid,"am i happy, singing_",Electronic,,,
2018,APRIL,Saba,CARE FOR ME,Rap,,,
2018,APRIL,Sleep,The Sciences,Metal,,,
2018,APRIL,Speedy Ortiz,Twerp Verse,Indie Rock,,,
2018,APRIL,Tinashe,Joyride,R&B,,,
2018,APRIL,Twin Shadow,Caer,Indie Rock,,,
2018,APRIL,Unknown Mortal Orchestra,Sex & Food,Indie Rock,,,
,,,,,,,
2018,MAY,A$AP Rocky,Testing,Rap,7,"""A$AP Forever (feat. Moby, T.I. & Kid Cudi)""",
2018,MAY,Arctic Monkeys,Tranquility Base Hotel & Casino,Indie Rock,7,"""Four Out Of Five""",
2018,MAY,Beach House,7,Dream Pop,,,
2018,MAY,CHVRCHES,Love Is Dead,Electro Pop,7,"""Really Gone""",
2018,MAY,Courtney Barnett,Tell Me How You Really Feel,Indie Rock,5,"""Need a Little Time""",
2018,MAY,DJ Koze,Knock Knock,Electronic,9,"""Bonfire""",
2018,MAY,Eleanor Friedberger,Rebound,Indie Pop,,,
2018,MAY,GAS,Rausch,Electronic,,,
2018,MAY,Iceage,Beyondless,Garage Rock,,,
2018,MAY,Jenny Hval,The Long Sleep EP,Art Pop,,,
2018,MAY,Johnny Jewel,Themes For Television,Synthpop,7,"""Shadow (Opening Titles)""",
2018,MAY,Jon Hopkins,Singularity,Electronic,9,"""C O S M""",
2018,MAY,Parquet Courts,Wide Awake!,Indie Rock,,,
2018,MAY,Playboi Carti,Die Lit,Rap,,,
2018,MAY,Pusha T,DAYTONA,Rap,8,"""Come Back Baby""",
2018,MAY,Skee Mask,Compro,Electronic,7,"""50 Euro to Break Boost""",
,,,,,,,
2018,JUNE,Beyoncé & JAY-Z,EVERYTHING IS LOVE,Rap,6,"""SUMMER""",
2018,JUNE,Chromeo,Head Over Heels,Electro Pop,,,
2018,JUNE,Death Grips,Year of the Snitch,Rap,,,
2018,JUNE,Drake,Scorpion,Rap,6,"""Nice For What""",
2018,JUNE,Father John Misty,God's Favorite Customer,Indie Rock,7,"""The Songwriter""",
2018,JUNE,Florence + The Machine,High as Hope,Pop,,,
2018,JUNE,Gang Gang Dance,Kazuashita,Electronic,8,"""J-TREE""",
2018,JUNE,Gorillaz,The Now Now,Indie Rock,,,
2018,JUNE,Jay Rock,Redemption,Rap,,,
2018,JUNE,Jim James,Uniform Distortion,Indie Folk,,,
2018,JUNE,Kamasi Washington,Heaven and Earth,Jazz,,,
2018,JUNE,Kanye West,ye,Rap,9,"""No Mistakes""",
2018,JUNE,Kids See Ghosts,Kids See Ghosts,Rap,,,
2018,JUNE,Let's Eat Grandma,I'm All Ears,Art Pop,8,"""Donnie Darko""",
2018,JUNE,Lykke Li,so sad so sexy,Indie Pop,8,"""jaguars in the air""",
2018,JUNE,Mazzy Star,Still EP,Indie Folk,,,
2018,JUNE,Melody's Echo Chamber,Bon Voyage,Indie Pop,6,,
2018,JUNE,Nas,Nasir,Rap,4,,
2018,JUNE,Natalie Prass,The Future and the Past,Indie Folk,7,"""The Fire""",
2018,JUNE,Neko Case,Hell-On,Indie Rock,,,
2018,JUNE,Oneohtrix Point Never,Age Of,Electronic,7,"""Still Stuff That Doesn't Happen""",
2018,JUNE,serpentwithfeet,soil,R&B,,,
2018,JUNE,Snail Mail,Lush,Indie Rock,8,"""Pristine""",
2018,JUNE,SOPHIE,Oil of Every Pearl's Un-Insides,Electronic,6,"""It's Okay to Cry""",
2018,JUNE,Teyana Taylor,K.T.S.E.,R&B,8,"""Never Would Have Made It""",
2018,JUNE,Tierra Whack,Whack World,Rap,9,"""Black Nails""",
,,,,,,,
2018,JULY,Deafheaven,Ordinary Corrupt Human Love,Metal,9,"""You Without End""",
2018,JULY,Dirty Projectors,Lamp Lit Prose,Indie Rock,7,"""Break-Thru""",
2018,JULY,The Internet,Hive Mind,R&B,6,"""Stay the Night""",
2018,JULY,Laurel Halo,Raw Silk Uncut Wood,Electronic,5,,
,,,,,,,
2018,AUGUST,Animal Collective,Tangerine Reef,Psychedelic Pop,,,
2018,AUGUST,Big Red Machine,Big Red Machine,Indie Folk,9,"""OMDB""",
2018,AUGUST,Blood Orange,Negro Swan,R&B,,,
2018,AUGUST,Devon Welsh,Dream Songs,Chamber Pop,,,
2018,AUGUST,Mitski,Be the Cowboy,Indie Pop,8,"""Nobody""",
2018,AUGUST,Tirzah,Devotion,Indie Pop,,,
2018,AUGUST,Trevor Powers,Mulberry Violence,Dream Pop,,,
2018,AUGUST,Wild Nothing,Indigo,Dream Pop,,,
,,,,,,,
2018,SEPTEMBER,Aphex Twin,Collapse EP,Electronic,6,,
2018,SEPTEMBER,BROCKHAMPTON,Iridiscence,Rap,,,
2018,SEPTEMBER,Christine and the Queens,Chris,Pop,8,"""The Walker""",
2018,SEPTEMBER,The Field,Infinite Moment,Electronic,8,"""Made Of Steel. Made Of Stone""",
2018,SEPTEMBER,Joey Purp,QUATERTHING,Rap,,,
2018,SEPTEMBER,Low,Double Negative,Rock,9,"""Tempest""",
2018,SEPTEMBER,Marissa Nadler,For My Crimes,Indie Folk,,,
2018,SEPTEMBER,Mutual Benefit,Thunder Follows the Light,Indie Folk,,,
2018,SEPTEMBER,Noname,Room 25,Rap,,,
2018,SEPTEMBER,Ryan Hemsworth,Elsewhere,Electronic,,,
2018,SEPTEMBER,Spiritualized,And Nothing Hurt,Indie Rock,7,"""A Perfect Miracle""",
2018,SEPTEMBER,Suede,The Blue Hour,Indie Rock,,,
2018,SEPTEMBER,Tim Hecker,Konoyo,Ambient,,,
2018,SEPTEMBER,Yves Tumor,Safe In the Hands of Love,Experimental,8,"""Licking An Orchid""",
,,,,,,,
2018,OCTUBRE,Adrianne Lenker,Indie Rock,Indie Rock,6,"""abyss kiss""",
2018,OCTUBRE,Allie X,Super Sunset,Electro Pop,,,
2018,OCTUBRE,Cat Power,Wanderer,Indie Pop,7,"""Woman (feat. Lana Del Rey)""",
2018,OCTUBRE,Cloud Nothings,Last Building Burning,Indie Rock,8,"""The Echo Of The World""",
2018,OCTUBRE,Empress Of,Us,Indie Pop,,,
2018,OCTUBRE,How To Dress Well,The Anteroom,Electro Pop,,,
2018,OCTUBRE,Julia Holter,Aviary,Art Pop,,,
2018,OCTUBRE,Kurt Vile,Bottle It In,Indie Rock,6,"""Loading Zones""",
2018,OCTUBRE,Matthew Dear,Bunny,Electronic,,,
2018,OCTUBRE,Phosphorescent,C'est La Vie,Indie Folk,7,"""Christmas Down Under""",
2018,OCTUBRE,Robyn,Honey,Electro Pop,,,
2018,OCTUBRE,Sheck Wes,MUDBOY,Rap,,,
2018,OCTUBRE,St. Vincent,MassEducation,Indie Rock,7,"""New York""",
,,,,,,,
2018,NOVEMBER,The 1975,A Brief Inquiry Into Online Relationships,Indie Rock,9,"""Love It If We Made It""",
2018,NOVEMBER,Anderson .Paak,Oxnard,Rap,,,
2018,NOVEMBER,boygenius,boygenius EP,Indie Folk,9,"""Ketchum, ID""",
2018,NOVEMBER,Earl Sweatshirt,Some Rap Songs,Rap,4,,
2018,NOVEMBER,J Mascis,Elastic Days,Indie Rock,,,
2018,NOVEMBER,JEFF TWEEDY,WARM,Indie Rock,,,
2018,NOVEMBER,Oneohtrix Point Never,Love in the Time of Lexapro EP,Electronic,6,"""Babylon""",
2018,NOVEMBER,Rosalía,El Mal Querer,Flamenco,9,"""PIENSO EN TU MIRÁ""",
2018,NOVEMBER,Sun Kil Moon,This Is My Dinner,Indie Folk,,,
2018,NOVEMBER,Vince Staples,FM!,Rap,,,
,,,,,,,
2019,JANUARY,Better Oblivion Community Center,Better Oblivion Community Center,Indie Rock,8,"""Sleepwalkin'""",
2019,JANUARY,Dawn Richard,new breed,R&B,6,"""jealousy""",
2019,JANUARY,Deerhunter,Why Hasn’t Everything Already Disappeared?,Indie Rock,5,,
2019,JANUARY,James Blake,Assume Form,Post Dubstep,8,"""Barefoot In The Park""",
2019,JANUARY,LUH,Love Hates What You Become,Indie Rock,7,"""Love Hates What You Become""",
2019,JANUARY,Sharon Van Etten,Remind Me Tomorrow,Indie Folk,8,"""Seventeen""",
2019,JANUARY,Toro Y Moi,Outer Peace,Electronic,7,"""Fading""",
,,,,,,,
2019,FEBRUARY,Beirut,Gallipoli,Indie Folk,5,,
2019,FEBRUARY,Broken Social Scene,Let´s Try the After - Vol. 1,Indie Rock,7,"""1972""",
2019,FEBRUARY,Cass McCombs,Tip of the Sphere,Indie Folk,6,,
2019,FEBRUARY,Default Genders,Main Pop Girl 2019,Electronic,7,"""secret garden .NUXX""",
2019,FEBRUARY,Desperate Journalist,In Search of the Miraculous,Indie Rock,7,"""Cedars""",
2019,FEBRUARY,Jessica Pratt,Quiet Signs,Indie Folk,5,,
2019,FEBRUARY,Julia Jacklin,Crushing,Indie Folk,8,"""Head Alone""",
2019,FEBRUARY,Nivhek,fter its own death / Walking in a spiral towards the house,Ambient,6,,
2019,FEBRUARY,Panda Bear,Buoys,Psychedelic Pop,6,,
2019,FEBRUARY,Xiu Xiu,Girl With Basket of Fruit,Art Rock,2,,
,,,,,,,
2019,MARCH,American Football,American Football (LP3),Indie Rock,7,"""Every Wave to Ever Rise (feat. Elizabeth Powell)""",
2019,MARCH,Andrew Bird,My Finest Work Yet,Indie Folk,,,
2019,MARCH,Avey Tare,Cown on Hourglass Pond,Indie Rock,,,
2019,MARCH,Chai,PUNK,Indie Rock,,,
2019,MARCH,The Cinematic Orchestra,To Believe,Ambient,,,
2019,MARCH,Fennesz,Agora,Electronic,,,
2019,MARCH,Foals,Everything Not Saved Will Be Lost - Part 1,Indie Rock,,,
2019,MARCH,Flume,Hi This Is Flume,Electronic,7,"""Jewel""",
2019,MARCH,Helado Negro,This Is How You Smile,Electronic,7,"""Running""",
2019,MARCH,The Japanese House,Good at Falling,Indie Pop,9,"""Maybe You're the Reason""",
2019,MARCH,Jenny Lewis,On the Line,Indie Pop,8,"""Red Bull & Hennessy""",
2019,MARCH,Lambchop,This (is what I wanted to tell you),Indie Rock,,,
2019,MARCH,Little Simz,GREY Area,Rap,,,
2019,MARCH,Nilüfer Yanya,Miss Universe,Indie Pop,9,"""Heavyweight Champion of the Year""",
2019,MARCH,RAP,EXPORT,Electronic,8,"""Young Persuasion""",
2019,MARCH,Solange,When I Get Home,R&B,6,"""Stay Flo""",
2019,MARCH,These New Puritans,Inside the Rose,Art Rock,6,"""Six""",
,,,,,,,
2019,APRIL,Anderson .Paak,Ventura,Rap,,,
2019,APRIL,Broken Social Scene,Let´s Try the After - Vol. 2,Indie Rock,,,
2019,APRIL,Bruce Hornsby,Absolute Zero,Indie Folk,,,
2019,APRIL,The Flaming Lips,King´s Mouth,Indie Rock,,,
2019,APRIL,Fontaines D.C.,Dogrel,Rock,,,
2019,APRIL,Foxygen,Seeing Other People,Indie Rock,,,
2019,APRIL,Kevin Morby,Oh My God,Indie Rock,,,
2019,APRIL,Local Natives,Violet Street,Indie Rock,,,
2019,APRIL,The Mountain Goats,In League With Dragons,Indie Rock,,,
2019,APRIL,Schoolboy Q,CrasH Talk,Rap,,,
2019,APRIL,Sunn O))),Life Metal,Metal,3,,
2019,APRIL,Weyes Blood,Titanic Rising,Indie Folk,9,"""Movies""",
,,,,,,,
2019,MAY,Big Thief,U.F.O.F.,Indie Rock,,,
2019,MAY,Cate Le Bon,Reward,Indie Folk,,,
2019,MAY,Flying Lotus,Flamagra,Electronic,,,
2019,MAY,Hayden Thorpe,Diviner,Indie Rock,,,
2019,MAY,Holly Herndon,PROTO,Electronic,,,
2019,MAY,Jamila Woods,LEGACY! LEGACY!,R&B,,,
2019,MAY,Mac DeMarco,Indie Rock,Indie Rock,,,
2019,MAY,The National,I Am Easy to Find,Indie Rock,,,
2019,MAY,Rhye,Spirit,R&B,,,
2019,MAY,Slowthai,Nothing Great About Britain,Rap,,,
2019,MAY,Tim Hecker,Anoyo,Electronic,,,
2019,MAY,"Tyler, the Creator",IGOR,Rap,,,
2019,MAY,Vampire Weekend,Father of the Bride,Indie Rock,,,
,,,,,,,
2019,JUNE,Baroness,Gold & Grey,Metal,,,
2019,JUNE,Bill Callahan,Shepher In a Sheepskin Vest,Indie Folk,,,
2019,JUNE,Black Midi,Schlagenheim,Indie Rock,,,
2019,JUNE,Bruce Springsteen,Western Stars,Rock,,,
2019,JUNE,Denzel Curry,ZUU,Rap,,,
2019,JUNE,Hatchie,Keepsake,Indie Pop,,,
2019,JUNE,Hot Chip,A Bath Full of Ecstasy,Electronic,,,
2019,JUNE,Leif,Loom Dream,Electronic,,,
2019,JUNE,Mannequin Pussy,Patience,Rock,,,
2019,JUNE,Mark Ronson,Late Night Feelings,Pop,,,
2019,JUNE,MIKE,Tears of Joy,Rap,,,
2019,JUNE,Polo G,Die A Legend,Rap,,,
2019,JUNE,Thom Yorke,Anima,Indie Rock,,,
2019,JUNE,Titus Andronicus,An Obelisk,Indie Rock,,,
,,,,,,,
2019,JULY,Blood Orange,Angel´s Pulse,R&B,,,
2019,JULY,Change the Rapper,The Big Day,Rap,,,
2019,JULY,Clark,Kiri Variations,Electronic,,,
2019,JULY,Florist,Emily Alone,Indie Folk,,,
2019,JULY,Jefre-Cantu Ledesma,Tracing Back the Radiance,Electronic,,,
2019,JULY,Maxo Kream,Brandon Banks,Rap,,,
2019,JULY,Moodymann,Sinner,Electronic,,,
2019,JULY,Purple Mountains,Purple Mountains,Indie Rock,,,
2019,JULY,Tycho,Weather,Electronic,,,
,,,,,,,
2019,AUGUST,Blanck Mass,Animated Violence Mild,Electronic,,,
2019,AUGUST,Bon Iver,"i,i",Indie Folk,,,
2019,AUGUST,BROCKHAMPTON,GINGER,Rap,,,
2019,AUGUST,Burna Boy,African Giant,Rap,,,
2019,AUGUST,Clairo,IMMUNITY,Indie Pop,,,
2019,AUGUST,Drake,Care Package,Rap,,,
2019,AUGUST,Jay Som,Anak Ko,Indie Rock,,,
2019,AUGUST,Lana del Rey,Norman Fucking Rockwell,Indie Pop,,,
2019,AUGUST,Oso Oso,Basking in the Glow,Indie Rock,,,
2019,AUGUST,Sheer Mag,A Distant Call,Rock,,,
2019,AUGUST,Shura,forevher,Synthpop,,,
2019,AUGUST,Sleater-Kinney,The Center Won´t Hold,Indie Rock,,,
2019,AUGUST,Whitney,Forever Turned Around,Indie Rock,,,
2019,AUGUST,Young Thug,So Much Fun,Rap,,,
,,,,,,,
2019,SEPTEMBER,Alex Cameron,Miami Memory,Indie Rock,,,
2019,SEPTEMBER,(Sandy) Alex G,House of Sugar,Indie Rock,,,
2019,SEPTEMBER,Bat For Lashes,Lost Girls,Indie Pop,,,
2019,SEPTEMBER,Brittany Howard,Jaime,Indie Rock,,,
2019,SEPTEMBER,Charli XCX,Charli,Electro Pop,,,
2019,SEPTEMBER,Chelsea Wolfe,Birth of Violence,Neofolk,,,
2019,SEPTEMBER,Dean Blunt,ZUSHI,Electronic,,,
2019,SEPTEMBER,Frankie Cosmos,Close It Quietly,Indie Pop,,,
2019,SEPTEMBER,Lower Dens,The Competition,Indie Rock,,,
2019,SEPTEMBER,M83,DSVII,Electronic,,,
2019,SEPTEMBER,Metronomy,Metronomy Forever,Electronic,,,
2019,SEPTEMBER,The New Pornographers,In the Morse Code of Brake Lights,Indie Rock,,,
2019,SEPTEMBER,Pixies,Beneath the Eyrie,Indie Rock,,,
2019,SEPTEMBER,Tegan and Sara,"Hey, I'm Just Like You",Indie Pop,,,
,,,,,,,
2019,OCTOBER,Angel Olsen,All Mirrors,Indie Folk,,,
2019,OCTOBER,Anna Meredith,FIBS,Electronic,,,
2019,OCTOBER,Big Thief,Two Hands,Indie Rock,,,
2019,OCTOBER,Caroline Polachek,PANG,Electro Pop,,,
2019,OCTOBER,Chromatics,Closer To Grey,Synthpop,,,
2019,OCTOBER,Cigarettes After Sex,Cry,Dream Pop,,,
2019,OCTOBER,Danny Brown,uknowwhatimsayin¿,Rap,,,
2019,OCTOBER,Devon Welsh,True Love,Chamber Pop,,,
2019,OCTOBER,DIIV,Deceiver,Indie Rock,,,
2019,OCTOBER,FKA Twigs,MAGDALENE,R&B,,,
2019,OCTOBER,Foals,Everything Not Saved Will Be Lost - Part 2,Indie Rock,,,
2019,OCTOBER,Floating Points,Crush,Electronic,,,
2019,OCTOBER,Kanye West,Jesus Is King,Rap,,,
2019,OCTOBER,Matt Berninger,Serpentine Prison,Indie Rock,,,
2019,OCTOBER,Michael Kiwanuka,KIWANUKA,R&B,,,
2019,OCTOBER,Mikal Cronin,Seeker,Indie Rock,,,
2019,OCTOBER,Nick Cave and The Bad Seeds,Ghostseen,Indie Rock,10,"""Sun Forest""",
2019,OCTOBER,Vagabon,Vagabon,R&B,,,
2019,OCTOBER,Wilco,Ode to Joy,Indie Rock,,,
,,,,,,,
2019,NOVEMBER,Blood Incantation,Hidden History of the Human Race,Metal,,,
2019,NOVEMBER,Davido,A Good Time,R&B,,,
2019,NOVEMBER,Earl Sheatshirt,Feet of Clay,Rap,,,
,,,,,,,
2019,DECEMBER,Burial,Tunes 2011-2011,Electronic,,,
,,,,,,,
2020,JANUARY,Dan Deacon,Mystic Familiar,Electronic,,,
2020,JANUARY,Destroyer,Have We Met,Indie Rock,,,
2020,JANUARY,Jeff Parker,Suite For Max Brown,Jazz,,,
2020,JANUARY,Torres,Silver Tongue,Indie Rock,,,
,,,,,,,
2020,FEBRUARY,Allie X,Cape God,Electro Pop,,,
2020,FEBRUARY,Against All Logic,2017-2019,Electronic,,,
2020,FEBRUARY,Arca,@@@@@,Electronic,,,
2020,FEBRUARY,Beatrice Dillon,Workaround,Electronic,,,
2020,FEBRUARY,Caribou,Suddenly,Electronic,,,
2020,FEBRUARY,Gil Scott-Heron - Makaya McCraven,We’re New Again: A Reimagining by Makaya McCraven,Jazz,,,
2020,FEBRUARY,Grimes,Miss Anthropocene,Electro Pop,,,
2020,FEBRUARY,King Krule,Man Alive!,Indie Rock,,,
2020,FEBRUARY,The Men,Mercy,Indie Rock,,,
2020,FEBRUARY,Moses Sumney,grae Part One,R&B,,,
2020,FEBRUARY,Real Estate,The Main Thing,Indie Rock,,,
2020,FEBRUARY,Soccer Mommy,color theory,Indie Pop,7,"""circle the drain""",
2020,FEBRUARY,Tame Impala,The Slow Rush,Indie Rock,,,
2020,FEBRUARY,Tennis,Swimmer,Indie Pop,,,
2020,FEBRUARY,Tycho,Simulcast,Electronic,,,
,,,,,,,
2020,MARCH,Bad Bunny,YHLQMDLG,Rap,,,
2020,MARCH,Dogleg,Melee,Indie Rock,,,
2020,MARCH,Dua Lipa,Future Nostalgia,Pop,9,"""Don't Start Now""",
2020,MARCH,Four Tet,Sixteen Oceans,Electronic,,,
2020,MARCH,Jay Electronica,A Written Testimony,Rap,,,
2020,MARCH,Lil Uzi Vert,Eternal Awake,Rap,,,
2020,MARCH,Lyra Pramuk,Fountain,Electronic,,,
2020,MARCH,Nicolas Jaar,Cenizas,Electronic,7,"""Sunder""",
2020,MARCH,Porches,Ricky Music,Electro Pop,,,
2020,MARCH,Porridge Radio,Every Bad,Indie Rock,,,
2020,MARCH,Sufjan Stevens,Aporia,Ambient,,,
2020,MARCH,U.S. Girls,Heavy Light,Indie Pop,,,
2020,MARCH,Waxahatchee,Saint Cloud,Indie Rock,,,
2020,MARCH,The Weeknd,After Hours,R&B,,,
,,,,,,,
2020,APRIL,Thundercat,It Is What It Is,R&B,,,
2020,APRIL,Yves Tumor,Heaven to a Tortured Mind,Experimental,,,
,,,,,,,
2020,MAY,Moses Sumney,grae Part Two,R&B,,,
